"User - Active","User - Address","User - Barcode","User - Created by user UUID","User - Date of birth","User - Department names","User - Department UUIDs","User - Email","User - Enrollment date","User - Expiration date","User - External system ID","User - First name","User - Last name","User - Last name, first name","User - Middle name","User - Mobile phone","User - Phone","User - Preferred contact type","User - Preferred first name","User - Pronouns","User - Tags","User - Type","User - Updated by user UUID","User - User created date","User - User updated date","User - User UUID","User - Username","Patron group - Name","User created by - Email","User created by - Last name, first name","User created by - Username","User updated by - Email","User updated by - Last name, first name","User updated by - Username"
true,,"1baf1511-979c-4d46-9871-e3a00e776d9c","3705dd81-fa8f-4e4a-a1d0-6c3b8edae137",,,,test@folio.org,,,,testPermFirst,"at_username_595.6892012547578588","at_username_595.6892012547578588, testPermFirst",testMiddleName,,,Email,preferredName,,,staff,"3705dd81-fa8f-4e4a-a1d0-6c3b8edae137",2026-06-03,2026-06-03,"00d33fb6-d1fc-456e-a868-78a0d4d65df7","at_username_595.6892012547578588",staff,diku_admin@example.org,"ADMINISTRATOR, Diku_admin",diku_admin,diku_admin@example.org,"ADMINISTRATOR, Diku_admin",diku_admin
true,,"70f690db-3dcd-434d-9b6a-bfb14e8b3ec1","3705dd81-fa8f-4e4a-a1d0-6c3b8edae137",,,,test@folio.org,,,,testPermFirst,"at_username_965.82679518937541","at_username_965.82679518937541, testPermFirst",testMiddleName,,,Email,preferredName,,,staff,"3705dd81-fa8f-4e4a-a1d0-6c3b8edae137",2026-06-04,2026-06-04,"05df505c-e540-45bf-8be4-576ff4f91d98","at_username_965.82679518937541",staff,diku_admin@example.org,"ADMINISTRATOR, Diku_admin",diku_admin,diku_admin@example.org,"ADMINISTRATOR, Diku_admin",diku_admin
true,,,"85d2e2e1-4d4e-438c-8bbb-28df8510d77f",,,,test@folio.org,,2026-07-04,,,"at_username_702.3965537279947926","at_username_702.3965537279947926",,,,Email,,,,,"85d2e2e1-4d4e-438c-8bbb-28df8510d77f",2026-06-04,2026-06-04,"060fdf17-429d-477a-9371-83c9fd500a46",,"AT_PatronGroup_981.038348677953445",,,,,,
true,,"359b59c3-78be-40c6-a09c-ffee1ec871df","3705dd81-fa8f-4e4a-a1d0-6c3b8edae137",,,,test@folio.org,,,,testPermFirst,"at_username_870.3353987916737112","at_username_870.3353987916737112, testPermFirst",testMiddleName,,,Email,preferredName,,,staff,"3705dd81-fa8f-4e4a-a1d0-6c3b8edae137",2026-06-04,2026-06-04,"0835261d-aa9b-4ec3-be82-99061cdde91e","at_username_870.3353987916737112","AT_groupClaimedReturned_749.1666193601332898",diku_admin@example.org,"ADMINISTRATOR, Diku_admin",diku_admin,diku_admin@example.org,"ADMINISTRATOR, Diku_admin",diku_admin
true,,"c64f8ac6-4a1f-4874-bdcf-ebd6661dbcf3","3705dd81-fa8f-4e4a-a1d0-6c3b8edae137",,,,test@folio.org,,,,testPermFirst,"at_username_891.567134118928718","at_username_891.567134118928718, testPermFirst",testMiddleName,,,Email,preferredName,,,staff,"3705dd81-fa8f-4e4a-a1d0-6c3b8edae137",2026-06-04,2026-06-04,"08ba51dd-825d-4642-8c38-377505d83877","at_username_891.567134118928718",staff,diku_admin@example.org,"ADMINISTRATOR, Diku_admin",diku_admin,diku_admin@example.org,"ADMINISTRATOR, Diku_admin",diku_admin
true,,"bc099870-a75b-44a1-8940-87ad06601a5d","3705dd81-fa8f-4e4a-a1d0-6c3b8edae137",,,,test@folio.org,,,,testPermFirst,"at_username_736.2721658931594737","at_username_736.2721658931594737, testPermFirst",testMiddleName,,,Email,preferredName,,,staff,"3705dd81-fa8f-4e4a-a1d0-6c3b8edae137",2026-06-04,2026-06-04,"090f9be7-61f1-4c5b-8097-5d369435798f","at_username_736.2721658931594737",staff,diku_admin@example.org,"ADMINISTRATOR, Diku_admin",diku_admin,diku_admin@example.org,"ADMINISTRATOR, Diku_admin",diku_admin
true,,759.8255905189973963,"3705dd81-fa8f-4e4a-a1d0-6c3b8edae137",,,,,,,,,"AT_C740218_WithBarcode_698.9630491466868963","AT_C740218_WithBarcode_698.9630491466868963",,,,Email,,,,patron,"3705dd81-fa8f-4e4a-a1d0-6c3b8edae137",2026-06-04,2026-06-04,"098c2f31-1bdc-4c86-b673-25b3663ad18a","AT_C740218_WithBarcode_698.9630491466868963",staff,diku_admin@example.org,"ADMINISTRATOR, Diku_admin",diku_admin,diku_admin@example.org,"ADMINISTRATOR, Diku_admin",diku_admin
true,,"b2958632-7aa3-4ad0-8451-d8946e7d4953","3705dd81-fa8f-4e4a-a1d0-6c3b8edae137",,,,test@folio.org,,,,testPermFirst,"at_username_336.5506869562803263","at_username_336.5506869562803263, testPermFirst",testMiddleName,,,Email,preferredName,,,staff,"3705dd81-fa8f-4e4a-a1d0-6c3b8edae137",2026-06-04,2026-06-04,"0b5449a0-3649-4144-8ef8-7f357301ac89","at_username_336.5506869562803263",staff,diku_admin@example.org,"ADMINISTRATOR, Diku_admin",diku_admin,diku_admin@example.org,"ADMINISTRATOR, Diku_admin",diku_admin
true,,"38ff3f7e-c92d-44d5-81d1-f2270b33f02f","3705dd81-fa8f-4e4a-a1d0-6c3b8edae137",,,,test@folio.org,,,,testPermFirst,"at_username_890.9698815283017323","at_username_890.9698815283017323, testPermFirst",testMiddleName,,,Email,preferredName,,,staff,"3705dd81-fa8f-4e4a-a1d0-6c3b8edae137",2026-06-04,2026-06-04,"0b557a73-c93e-4bcb-af92-875691db062a","at_username_890.9698815283017323",staff,diku_admin@example.org,"ADMINISTRATOR, Diku_admin",diku_admin,diku_admin@example.org,"ADMINISTRATOR, Diku_admin",diku_admin
true,,"0c8c8003-e6b0-4f14-b328-6af54c174692","3705dd81-fa8f-4e4a-a1d0-6c3b8edae137",,,,test@folio.org,,,,testPermFirst,"at_username_460.32488523478764176","at_username_460.32488523478764176, testPermFirst",testMiddleName,,,Email,preferredName,,,staff,"3705dd81-fa8f-4e4a-a1d0-6c3b8edae137",2026-06-04,2026-06-04,"0c552971-8ac0-47cd-b09c-6da540d58283","at_username_460.32488523478764176",staff,diku_admin@example.org,"ADMINISTRATOR, Diku_admin",diku_admin,diku_admin@example.org,"ADMINISTRATOR, Diku_admin",diku_admin
true,,,"3fd58e33-5c90-4c90-8390-5e7fad597558",,,,test@example.com,,2026-06-14,,,"at_username_478.8310148502545785","at_username_478.8310148502545785",,,,Email,,"Lorem ipsum dolor sit amet, consectetur adipiscing elit. Suspendisse id orci sit amet dui pulvinar imperdiet. Proin rhoncus risus ut sem tempus bibendum. Quisque eget elit tempus, vehicula augue quis, consequat turpis. Proin congue pharetra odio, quis scelerisque erat placerat et. Integer quis orci.",,patron,"3fd58e33-5c90-4c90-8390-5e7fad597558",2026-06-04,2026-06-04,"0c59cb02-47a3-41db-9a40-2959c5c486af",,"AT_groupUserPronouns_920.2308634073329753",,,,,,
true,,"5bc96444-ebc3-4146-9c3f-a9ae741b91aa","3705dd81-fa8f-4e4a-a1d0-6c3b8edae137",,,,test@folio.org,,,,testPermFirst,"at_username_624.1890146217894668","at_username_624.1890146217894668, testPermFirst",testMiddleName,,,Email,preferredName,,,staff,"3705dd81-fa8f-4e4a-a1d0-6c3b8edae137",2026-06-04,2026-06-04,"0dd6b2f7-67dc-424f-863a-f3eb8d07d566","at_username_624.1890146217894668",staff,diku_admin@example.org,"ADMINISTRATOR, Diku_admin",diku_admin,diku_admin@example.org,"ADMINISTRATOR, Diku_admin",diku_admin
true,,"1e5aaac7-b391-43c4-aa6a-076297e72bbc","3705dd81-fa8f-4e4a-a1d0-6c3b8edae137",,,,test@folio.org,,,,testPermFirst,"at_username_866.696891032603153","at_username_866.696891032603153, testPermFirst",testMiddleName,,,Email,preferredName,,,staff,"3705dd81-fa8f-4e4a-a1d0-6c3b8edae137",2026-06-04,2026-06-04,"126a5b9d-5baa-45e8-a180-a461106b1727","at_username_866.696891032603153",staff,diku_admin@example.org,"ADMINISTRATOR, Diku_admin",diku_admin,diku_admin@example.org,"ADMINISTRATOR, Diku_admin",diku_admin
true,,618.2651943456616829,"3705dd81-fa8f-4e4a-a1d0-6c3b8edae137",,,,,,,,,"AT_C740218_WithBarcode_381.2137380068138829","AT_C740218_WithBarcode_381.2137380068138829",,,,Email,,,,patron,"3705dd81-fa8f-4e4a-a1d0-6c3b8edae137",2026-06-04,2026-06-04,"1437de44-f57b-4502-843e-fce2cd0e2b52","AT_C740218_WithBarcode_381.2137380068138829",staff,diku_admin@example.org,"ADMINISTRATOR, Diku_admin",diku_admin,diku_admin@example.org,"ADMINISTRATOR, Diku_admin",diku_admin
true,,"1c6dcbf7-ac06-45fd-8614-7d9598be304e","3705dd81-fa8f-4e4a-a1d0-6c3b8edae137",,,,test@folio.org,,,,testPermFirst,"at_username_742.9414039998978389","at_username_742.9414039998978389, testPermFirst",testMiddleName,,,Email,preferredName,,,staff,"3705dd81-fa8f-4e4a-a1d0-6c3b8edae137",2026-06-04,2026-06-04,"14f4f83a-f814-494a-9992-58afedc9140c","at_username_742.9414039998978389",staff,diku_admin@example.org,"ADMINISTRATOR, Diku_admin",diku_admin,diku_admin@example.org,"ADMINISTRATOR, Diku_admin",diku_admin
true,"[{""addressType"": ""Work"", ""addressTypeId"": ""1c4b225f-f669-4e9b-afcd-ebc0e273a34e""}]",,"9a0f38cf-5c04-46d2-938c-f7611dc06a06",,,,test@folio.org,,2026-06-14,,,"AT_TestUser_367.596508831693221","AT_TestUser_367.596508831693221",,,,Email,,,,patron,"9a0f38cf-5c04-46d2-938c-f7611dc06a06",2026-06-04,2026-06-04,"1b9062b3-6914-4187-af39-fa0110b8e23f",,"AT_PatronGroup_797.287929674235221",,,,,,
true,,"93573939-abae-4ea3-9bbf-acc8f4ffc29a","3705dd81-fa8f-4e4a-a1d0-6c3b8edae137",,,,test@folio.org,,,,testPermFirst,"at_username_558.0445917524571121","at_username_558.0445917524571121, testPermFirst",testMiddleName,,,Email,preferredName,,,staff,"3705dd81-fa8f-4e4a-a1d0-6c3b8edae137",2026-06-04,2026-06-04,"1de2d094-4f94-49c6-b523-614acf1a5d58","at_username_558.0445917524571121",staff,diku_admin@example.org,"ADMINISTRATOR, Diku_admin",diku_admin,diku_admin@example.org,"ADMINISTRATOR, Diku_admin",diku_admin
true,,"21f34f6b-0ed5-4071-9412-0d12bab38716","3705dd81-fa8f-4e4a-a1d0-6c3b8edae137",,,,test@folio.org,,,,testPermFirst,"at_username_841.1390336571507946","at_username_841.1390336571507946, testPermFirst",testMiddleName,,,Email,preferredName,,,staff,"3705dd81-fa8f-4e4a-a1d0-6c3b8edae137",2026-06-04,2026-06-04,"1e6e9d74-0cc8-4c93-9968-c743d3a9e5a2","at_username_841.1390336571507946",staff,diku_admin@example.org,"ADMINISTRATOR, Diku_admin",diku_admin,diku_admin@example.org,"ADMINISTRATOR, Diku_admin",diku_admin
true,,,,,,,,,,,"System user - mod-invoice",System,"System, System user - mod-invoice",,,,unknown,,,,system,,2026-06-03,2026-06-03,"202dc762-f582-4368-86bc-6b07b4aa918f",mod-invoice,,,,,,,
true,,123,,,,,rick@example.com,2020-10-07,,,psych,rick,"rick, psych",,,,Email,,,,,,2026-06-03,2026-06-03,"2205005b-ca51-4a04-87fd-938eefa8f6de",rick,staff,,,,,,
true,,"8422a8a0-ea7b-4429-b9fc-ecaf561c8b02","3705dd81-fa8f-4e4a-a1d0-6c3b8edae137",,,,test@folio.org,,,,testPermFirst,"at_username_705.8602234141167141","at_username_705.8602234141167141, testPermFirst",testMiddleName,,,Email,preferredName,,,staff,"3705dd81-fa8f-4e4a-a1d0-6c3b8edae137",2026-06-04,2026-06-04,"227a150e-b56b-499a-bd52-29fdc8b7a906","at_username_705.8602234141167141",staff,diku_admin@example.org,"ADMINISTRATOR, Diku_admin",diku_admin,diku_admin@example.org,"ADMINISTRATOR, Diku_admin",diku_admin
true,,"abe21b08-de4c-4da0-93d7-cc92c7fe6ec3","3705dd81-fa8f-4e4a-a1d0-6c3b8edae137",,,,test@folio.org,,,,testPermFirst,"at_username_946.5369849695337876","at_username_946.5369849695337876, testPermFirst",testMiddleName,,,Email,preferredName,,,staff,"3705dd81-fa8f-4e4a-a1d0-6c3b8edae137",2026-06-04,2026-06-04,"2404558c-2a5a-4bd7-a468-fde80c2c927e","at_username_946.5369849695337876",staff,diku_admin@example.org,"ADMINISTRATOR, Diku_admin",diku_admin,diku_admin@example.org,"ADMINISTRATOR, Diku_admin",diku_admin
true,,,,,,,,,,,"System user - mod-entities-links",System,"System, System user - mod-entities-links",,,,unknown,,,,system,,2026-06-03,2026-06-03,"24f22a4c-e4f5-42ec-9508-56c365891f44",mod-entities-links,,,,,,,
true,,"84f2be5a-1139-4042-becc-68df2c0276e1","3705dd81-fa8f-4e4a-a1d0-6c3b8edae137",,,,test@folio.org,,,,testPermFirst,"at_username_838.3994733915251978","at_username_838.3994733915251978, testPermFirst",testMiddleName,,,Email,preferredName,,,staff,"3705dd81-fa8f-4e4a-a1d0-6c3b8edae137",2026-06-04,2026-06-04,"27de0ea7-7a88-43cf-8439-0715e7e8368e","at_username_838.3994733915251978",staff,diku_admin@example.org,"ADMINISTRATOR, Diku_admin",diku_admin,diku_admin@example.org,"ADMINISTRATOR, Diku_admin",diku_admin
true,,"20a434dd-9cee-45ba-84c6-5b2ca345b7a2","3705dd81-fa8f-4e4a-a1d0-6c3b8edae137",,,,test@folio.org,,,,testPermFirst,"at_username_226.35539276585288535","at_username_226.35539276585288535, testPermFirst",testMiddleName,,,Email,preferredName,,,staff,"3705dd81-fa8f-4e4a-a1d0-6c3b8edae137",2026-06-04,2026-06-04,"2a5435c6-dacd-4b92-aa2b-8db5f5726a7e","at_username_226.35539276585288535",staff,diku_admin@example.org,"ADMINISTRATOR, Diku_admin",diku_admin,diku_admin@example.org,"ADMINISTRATOR, Diku_admin",diku_admin
true,,,,,,,,,,,"System user - mod-inventory",System,"System, System user - mod-inventory",,,,unknown,,,,system,,2026-06-03,2026-06-03,"2c46f1da-e4d8-4579-90e3-7d3f4a2751d3",mod-inventory,,,,,,,
true,,"5b003549-5bff-4901-8c45-ebf147c6a732","3705dd81-fa8f-4e4a-a1d0-6c3b8edae137",,,,test@folio.org,,,,testPermFirst,"at_username_130.98399563853135803","at_username_130.98399563853135803, testPermFirst",testMiddleName,,,Email,preferredName,,,staff,"3705dd81-fa8f-4e4a-a1d0-6c3b8edae137",2026-06-04,2026-06-04,"2cb18a30-1ccd-46d8-bdaf-9fde1ef10fd6","at_username_130.98399563853135803",staff,diku_admin@example.org,"ADMINISTRATOR, Diku_admin",diku_admin,diku_admin@example.org,"ADMINISTRATOR, Diku_admin",diku_admin
true,,"f7ef7317-eff6-4322-9272-a4c97ffca620","3705dd81-fa8f-4e4a-a1d0-6c3b8edae137",,,,test@folio.org,,,,testPermFirst,"at_username_295.8942571075993916","at_username_295.8942571075993916, testPermFirst",testMiddleName,,,Email,preferredName,,,staff,"3705dd81-fa8f-4e4a-a1d0-6c3b8edae137",2026-06-04,2026-06-04,"2f59daea-1d9e-4ae5-8402-b65448f1a4c2","at_username_295.8942571075993916",staff,diku_admin@example.org,"ADMINISTRATOR, Diku_admin",diku_admin,diku_admin@example.org,"ADMINISTRATOR, Diku_admin",diku_admin
true,,"db2de6b9-c3a9-45d4-b42d-9ea67fc2fe9b","3705dd81-fa8f-4e4a-a1d0-6c3b8edae137",,,,test@folio.org,,,,testPermFirst,"at_username_744.829726451298945","at_username_744.829726451298945, testPermFirst",testMiddleName,,,Email,preferredName,,,staff,"3705dd81-fa8f-4e4a-a1d0-6c3b8edae137",2026-06-04,2026-06-04,"300244c4-ea22-46bb-94fa-7251faa6c53b","at_username_744.829726451298945",staff,diku_admin@example.org,"ADMINISTRATOR, Diku_admin",diku_admin,diku_admin@example.org,"ADMINISTRATOR, Diku_admin",diku_admin
true,,,,,,,,,,,"System user - mod-pubsub",System,"System, System user - mod-pubsub",,,,unknown,,,,system,,2026-06-03,2026-06-03,"32c29dba-ed05-4dac-850e-d91a2aec2721",mod-pubsub,,,,,,,
true,,,,,,,diku_admin@example.org,,,,Diku_admin,ADMINISTRATOR,"ADMINISTRATOR, Diku_admin",,,,Email,,,,staff,"3705dd81-fa8f-4e4a-a1d0-6c3b8edae137",2026-06-03,2026-06-03,"3705dd81-fa8f-4e4a-a1d0-6c3b8edae137",diku_admin,staff,,,,diku_admin@example.org,"ADMINISTRATOR, Diku_admin",diku_admin
true,,"81b0d319-326f-4366-8520-c6d0eb595d26","3705dd81-fa8f-4e4a-a1d0-6c3b8edae137",,,,test@folio.org,,,,testPermFirst,"at_username_232.8097318076858403","at_username_232.8097318076858403, testPermFirst",testMiddleName,,,Email,preferredName,,,staff,"3705dd81-fa8f-4e4a-a1d0-6c3b8edae137",2026-06-04,2026-06-04,"373406c2-4f1d-47cc-864c-880840ea7177","at_username_232.8097318076858403",staff,diku_admin@example.org,"ADMINISTRATOR, Diku_admin",diku_admin,diku_admin@example.org,"ADMINISTRATOR, Diku_admin",diku_admin
true,,"5a5857e3-5d0c-486c-9229-f6b6112415d9","3705dd81-fa8f-4e4a-a1d0-6c3b8edae137",,,,test@folio.org,,,,testPermFirst,"at_username_696.0784863791356","at_username_696.0784863791356, testPermFirst",testMiddleName,,,Email,preferredName,,,staff,"3705dd81-fa8f-4e4a-a1d0-6c3b8edae137",2026-06-04,2026-06-04,"39bee8f6-f9b0-4939-a8c2-704f5fc6df66","at_username_696.0784863791356",staff,diku_admin@example.org,"ADMINISTRATOR, Diku_admin",diku_admin,diku_admin@example.org,"ADMINISTRATOR, Diku_admin",diku_admin
true,,,,,,,,,,,"System user - mod-linked-data",System,"System, System user - mod-linked-data",,,,unknown,,,,system,,2026-06-03,2026-06-03,"3e3d87e3-a57f-4165-8458-9ab17b34e11c",mod-linked-data,,,,,,,
true,,"a3dd9d4a-3371-4ef2-9f35-ae2e0cc25940","3705dd81-fa8f-4e4a-a1d0-6c3b8edae137",,,,test@folio.org,,,,testPermFirst,"at_username_185.04698864229823995","at_username_185.04698864229823995, testPermFirst",testMiddleName,,,Email,preferredName,,,staff,"3705dd81-fa8f-4e4a-a1d0-6c3b8edae137",2026-06-04,2026-06-04,"3f450fa9-6f48-4263-b729-f25dfd699797","at_username_185.04698864229823995",staff,diku_admin@example.org,"ADMINISTRATOR, Diku_admin",diku_admin,diku_admin@example.org,"ADMINISTRATOR, Diku_admin",diku_admin
true,,268.41556405980896533,"3705dd81-fa8f-4e4a-a1d0-6c3b8edae137",,,,,,,,,"AT_C740218_WithBarcode_516.8291886155448533","AT_C740218_WithBarcode_516.8291886155448533",,,,Email,,,,patron,"3705dd81-fa8f-4e4a-a1d0-6c3b8edae137",2026-06-04,2026-06-04,"41ae319c-517e-4874-b7c5-a2159246da4c","AT_C740218_WithBarcode_516.8291886155448533",staff,diku_admin@example.org,"ADMINISTRATOR, Diku_admin",diku_admin,diku_admin@example.org,"ADMINISTRATOR, Diku_admin",diku_admin
true,,"7b71d198-b03c-4783-89e6-f473ed406fff","3705dd81-fa8f-4e4a-a1d0-6c3b8edae137",,,,test@folio.org,,,,testPermFirst,"at_username_726.7411301832312140","at_username_726.7411301832312140, testPermFirst",testMiddleName,,,Email,preferredName,,,staff,"3705dd81-fa8f-4e4a-a1d0-6c3b8edae137",2026-06-04,2026-06-04,"424a6b38-f49d-4ef8-b858-28dae1695f11","at_username_726.7411301832312140",staff,diku_admin@example.org,"ADMINISTRATOR, Diku_admin",diku_admin,diku_admin@example.org,"ADMINISTRATOR, Diku_admin",diku_admin
true,,"26e89c89-3202-4b8a-8e96-3e60e40ed3a4","3705dd81-fa8f-4e4a-a1d0-6c3b8edae137",,,,test@folio.org,,,,testPermFirst,"at_username_547.7394995854565117","at_username_547.7394995854565117, testPermFirst",testMiddleName,,,Email,preferredName,,,staff,"3705dd81-fa8f-4e4a-a1d0-6c3b8edae137",2026-06-04,2026-06-04,"479cbc9a-29a5-4145-adef-4ec62ae8201d","at_username_547.7394995854565117",staff,diku_admin@example.org,"ADMINISTRATOR, Diku_admin",diku_admin,diku_admin@example.org,"ADMINISTRATOR, Diku_admin",diku_admin
true,,"a23899bb-6e28-4c5d-b02e-35849b2798bb","3705dd81-fa8f-4e4a-a1d0-6c3b8edae137",,,,test@folio.org,,,,testPermFirst,"at_username_348.79603536775187528","at_username_348.79603536775187528, testPermFirst",testMiddleName,,,Email,preferredName,,,staff,"3705dd81-fa8f-4e4a-a1d0-6c3b8edae137",2026-06-04,2026-06-04,"491cca0b-c0b5-469b-ab51-c5b560e758f8","at_username_348.79603536775187528",staff,diku_admin@example.org,"ADMINISTRATOR, Diku_admin",diku_admin,diku_admin@example.org,"ADMINISTRATOR, Diku_admin",diku_admin
true,,"0a08a77f-dd63-4fcc-a7d7-e0f3249c6d8b","3705dd81-fa8f-4e4a-a1d0-6c3b8edae137",,,,test@folio.org,,,,testPermFirst,"at_username_865.1699243910914575","at_username_865.1699243910914575, testPermFirst",testMiddleName,,,Email,preferredName,,,staff,"3705dd81-fa8f-4e4a-a1d0-6c3b8edae137",2026-06-04,2026-06-04,"4aa8c47b-791a-4118-8f48-593864cf7594","at_username_865.1699243910914575",staff,diku_admin@example.org,"ADMINISTRATOR, Diku_admin",diku_admin,diku_admin@example.org,"ADMINISTRATOR, Diku_admin",diku_admin
true,,"60063cf2-31b3-4441-8736-9fa89f0f4e2c","3705dd81-fa8f-4e4a-a1d0-6c3b8edae137",,,,test@folio.org,,,,testPermFirst,"at_username_805.7144500796647263","at_username_805.7144500796647263, testPermFirst",testMiddleName,,,Email,preferredName,,,staff,"3705dd81-fa8f-4e4a-a1d0-6c3b8edae137",2026-06-03,2026-06-03,"4be8a287-052d-4e86-bc5b-92ed1c85a5ae","at_username_805.7144500796647263","groupClaimedReturnedAT_117.9341925759473882",diku_admin@example.org,"ADMINISTRATOR, Diku_admin",diku_admin,diku_admin@example.org,"ADMINISTRATOR, Diku_admin",diku_admin
true,"[{""addressType"": ""Claim"", ""addressTypeId"": ""b6f4d1c6-0dfa-463c-9534-f49c4f0ae090"", ""primaryAddress"": true}]","d77b703e-2015-482c-8488-0e447d53d078","3705dd81-fa8f-4e4a-a1d0-6c3b8edae137",,,,test@folio.org,,,,,"testUser-fc283059-a805-4aa3-949d-932aeef5912c","testUser-fc283059-a805-4aa3-949d-932aeef5912c",,,,Email,,,,staff,"3705dd81-fa8f-4e4a-a1d0-6c3b8edae137",2026-06-03,2026-06-03,"4beabf28-0358-4a4b-816f-0a3e83589735","testUser-b3729dde-3d1f-453e-b985-67d2304520f4",faculty,diku_admin@example.org,"ADMINISTRATOR, Diku_admin",diku_admin,diku_admin@example.org,"ADMINISTRATOR, Diku_admin",diku_admin
true,,"f2b6d5c3-9e3a-4986-9b5c-56867cc3c135","3705dd81-fa8f-4e4a-a1d0-6c3b8edae137",,,,test@folio.org,,,,testPermFirst,"at_username_512.6919381718155133","at_username_512.6919381718155133, testPermFirst",testMiddleName,,,Email,preferredName,,,staff,"3705dd81-fa8f-4e4a-a1d0-6c3b8edae137",2026-06-04,2026-06-04,"4d8d9d20-4f0c-471f-a0b7-4fd6e2b12e58","at_username_512.6919381718155133",staff,diku_admin@example.org,"ADMINISTRATOR, Diku_admin",diku_admin,diku_admin@example.org,"ADMINISTRATOR, Diku_admin",diku_admin
true,,"b37d8d10-5069-4b62-9de3-4c1f5ad4cdd1","3705dd81-fa8f-4e4a-a1d0-6c3b8edae137",,,,test@folio.org,,,,testPermFirst,"at_username_429.50274034014296323","at_username_429.50274034014296323, testPermFirst",testMiddleName,,,Email,preferredName,,,staff,"3705dd81-fa8f-4e4a-a1d0-6c3b8edae137",2026-06-04,2026-06-04,"504c079c-52c6-48b8-b2a4-498d19dc4508","at_username_429.50274034014296323",staff,diku_admin@example.org,"ADMINISTRATOR, Diku_admin",diku_admin,diku_admin@example.org,"ADMINISTRATOR, Diku_admin",diku_admin
true,,"218f177d-8250-49dd-8360-54a00ee78551","3705dd81-fa8f-4e4a-a1d0-6c3b8edae137",,,,test@folio.org,,,,testPermFirst,"at_username_199.32016495186537316","at_username_199.32016495186537316, testPermFirst",testMiddleName,,,Email,preferredName,,,staff,"3705dd81-fa8f-4e4a-a1d0-6c3b8edae137",2026-06-04,2026-06-04,"52c74afc-2a44-40cf-a528-52dfad838cac","at_username_199.32016495186537316",staff,diku_admin@example.org,"ADMINISTRATOR, Diku_admin",diku_admin,diku_admin@example.org,"ADMINISTRATOR, Diku_admin",diku_admin
true,,"4a576f8d-6c5a-40f6-90c6-9da6badfdfe9","3705dd81-fa8f-4e4a-a1d0-6c3b8edae137",,,,test@folio.org,,,,testPermFirst,"at_username_395.7474988805092812","at_username_395.7474988805092812, testPermFirst",testMiddleName,,,Email,preferredName,,,staff,"3705dd81-fa8f-4e4a-a1d0-6c3b8edae137",2026-06-04,2026-06-04,"57e75f8c-4065-4111-af5e-66eaa9c6a2bb","at_username_395.7474988805092812",staff,diku_admin@example.org,"ADMINISTRATOR, Diku_admin",diku_admin,diku_admin@example.org,"ADMINISTRATOR, Diku_admin",diku_admin
true,,"5ce4126f-85ba-4288-911c-6ffe00d03df8","3705dd81-fa8f-4e4a-a1d0-6c3b8edae137",,,,test@folio.org,,,,testPermFirst,"at_username_545.8545280314488500","at_username_545.8545280314488500, testPermFirst",testMiddleName,,,Email,preferredName,,,staff,"3705dd81-fa8f-4e4a-a1d0-6c3b8edae137",2026-06-04,2026-06-04,"5891b084-3f2c-468c-9dc0-998ce5515ed5","at_username_545.8545280314488500",staff,diku_admin@example.org,"ADMINISTRATOR, Diku_admin",diku_admin,diku_admin@example.org,"ADMINISTRATOR, Diku_admin",diku_admin
true,,,,,,,edge_admin@ci.folio.org,,,,edge,admin,"admin, edge",,,,Email,,,,patron,,2026-06-03,2026-06-03,"59de7672-f550-482c-84b9-8ec6c221e081",edge_admin,,,,,,,
true,,"33cd0ea2-efaa-432e-8a9c-20b11552980d","3705dd81-fa8f-4e4a-a1d0-6c3b8edae137",,,,test@folio.org,,,,testPermFirst,"at_username_383.0908876403526266","at_username_383.0908876403526266, testPermFirst",testMiddleName,,,Email,preferredName,,,staff,"3705dd81-fa8f-4e4a-a1d0-6c3b8edae137",2026-06-04,2026-06-04,"5b014cae-da19-4da8-b9ca-97091d8c0c19","at_username_383.0908876403526266",staff,diku_admin@example.org,"ADMINISTRATOR, Diku_admin",diku_admin,diku_admin@example.org,"ADMINISTRATOR, Diku_admin",diku_admin
true,,"2b2ca09f-f1a9-459a-af7a-c6e8ee4db5a7","3705dd81-fa8f-4e4a-a1d0-6c3b8edae137",,,,test@folio.org,,,,testPermFirst,"at_username_162.53388266746663701","at_username_162.53388266746663701, testPermFirst",testMiddleName,,,Email,preferredName,,,staff,"3705dd81-fa8f-4e4a-a1d0-6c3b8edae137",2026-06-04,2026-06-04,"5c3f4849-5499-4aff-8322-9f5fbe6728e1","at_username_162.53388266746663701",staff,diku_admin@example.org,"ADMINISTRATOR, Diku_admin",diku_admin,diku_admin@example.org,"ADMINISTRATOR, Diku_admin",diku_admin
true,,"2296764c-eb9f-4367-bb67-8bf1d0fb10ff","3705dd81-fa8f-4e4a-a1d0-6c3b8edae137",,,,test@folio.org,,,,testPermFirst,"at_username_820.5862117046769100","at_username_820.5862117046769100, testPermFirst",testMiddleName,,,Email,preferredName,,,staff,"3705dd81-fa8f-4e4a-a1d0-6c3b8edae137",2026-06-04,2026-06-04,"5c9fe54d-7916-4de3-a4d3-39c5fe2ce054","at_username_820.5862117046769100",staff,diku_admin@example.org,"ADMINISTRATOR, Diku_admin",diku_admin,diku_admin@example.org,"ADMINISTRATOR, Diku_admin",diku_admin
true,,"682e0875-224c-4d9c-9763-2cf8f0c80200","3705dd81-fa8f-4e4a-a1d0-6c3b8edae137",,,,test@folio.org,,,,testPermFirst,"at_username_238.24670654307465272","at_username_238.24670654307465272, testPermFirst",testMiddleName,,,Email,preferredName,,,staff,"3705dd81-fa8f-4e4a-a1d0-6c3b8edae137",2026-06-04,2026-06-04,"5df1dfd3-4d98-4bf2-9302-6eae25833590","at_username_238.24670654307465272",staff,diku_admin@example.org,"ADMINISTRATOR, Diku_admin",diku_admin,diku_admin@example.org,"ADMINISTRATOR, Diku_admin",diku_admin
true,,"49ad9eb9-7dd0-432d-9ee7-95166a2b40b0","3705dd81-fa8f-4e4a-a1d0-6c3b8edae137",,,,test@folio.org,,,,testPermFirst,"at_username_187.06181950778972633","at_username_187.06181950778972633, testPermFirst",testMiddleName,,,Email,preferredName,,,staff,"3705dd81-fa8f-4e4a-a1d0-6c3b8edae137",2026-06-04,2026-06-04,"5e293b74-a754-454d-bc3e-0096eac8e94d","at_username_187.06181950778972633",staff,diku_admin@example.org,"ADMINISTRATOR, Diku_admin",diku_admin,diku_admin@example.org,"ADMINISTRATOR, Diku_admin",diku_admin
true,,"778c0fa4-5181-4aaa-8fc6-7f4b4abed17b","3705dd81-fa8f-4e4a-a1d0-6c3b8edae137",,,,test@folio.org,,,,testPermFirst,"at_username_914.9018186276105105","at_username_914.9018186276105105, testPermFirst",testMiddleName,,,Email,preferredName,,,staff,"3705dd81-fa8f-4e4a-a1d0-6c3b8edae137",2026-06-04,2026-06-04,"5fd9d16d-f65b-4f3c-95dc-369d20cf28fd","at_username_914.9018186276105105",staff,diku_admin@example.org,"ADMINISTRATOR, Diku_admin",diku_admin,diku_admin@example.org,"ADMINISTRATOR, Diku_admin",diku_admin
true,,,,,,,,,,,"System user - mod-data-export-spring",System,"System, System user - mod-data-export-spring",,,,unknown,,,,system,,2026-06-03,2026-06-03,"60cb3c15-1bf4-4362-9307-a629bed0acae",mod-data-export-spring,,,,,,,
true,,"61c9cbd1-52c6-4a42-be86-ca4a970ab8db","3705dd81-fa8f-4e4a-a1d0-6c3b8edae137",,,,test@folio.org,,,,testPermFirst,"at_username_670.7519741742857892","at_username_670.7519741742857892, testPermFirst",testMiddleName,,,Email,preferredName,,,staff,"3705dd81-fa8f-4e4a-a1d0-6c3b8edae137",2026-06-04,2026-06-04,"645a9992-4293-4ff9-bdd2-47990f5b46fa","at_username_670.7519741742857892",staff,diku_admin@example.org,"ADMINISTRATOR, Diku_admin",diku_admin,diku_admin@example.org,"ADMINISTRATOR, Diku_admin",diku_admin
true,"[{""countryId"":""Australia"",""addressType"":""Home"",""addressTypeId"":""93d3d88d-499b-45d0-9bc7-ac73c3a19880""}]",,"3fe31e2e-d68f-4184-bdd9-0b69bdba43ca",,,,test@folio.org,,2026-06-14,,,"AT_TestUser_250.57747832076475483","AT_TestUser_250.57747832076475483",,,,Email,,,,patron,"3fe31e2e-d68f-4184-bdd9-0b69bdba43ca",2026-06-04,2026-06-04,"65065335-ec29-466a-a654-bb8176cde60f",,"AT_PatronGroup_681.5909197846871483",,,,,,
true,,"d870cf11-92ed-4707-addc-902745490237","3705dd81-fa8f-4e4a-a1d0-6c3b8edae137",,,,test@folio.org,,,,testPermFirst,"at_username_946.227633858457374","at_username_946.227633858457374, testPermFirst",testMiddleName,,,Email,preferredName,,,staff,"3705dd81-fa8f-4e4a-a1d0-6c3b8edae137",2026-06-04,2026-06-04,"68dbfd02-1898-43d4-86c4-a10e9868ac57","at_username_946.227633858457374",staff,diku_admin@example.org,"ADMINISTRATOR, Diku_admin",diku_admin,diku_admin@example.org,"ADMINISTRATOR, Diku_admin",diku_admin
true,,"569d8b6b-a1f0-47a5-907e-4e9f103329e5","3705dd81-fa8f-4e4a-a1d0-6c3b8edae137",,,,test@folio.org,,,,testPermFirst,"at_username_527.8932873910892848","at_username_527.8932873910892848, testPermFirst",testMiddleName,,,Email,preferredName,,,staff,"3705dd81-fa8f-4e4a-a1d0-6c3b8edae137",2026-06-04,2026-06-04,"6a90e1a1-ce5a-450a-a13f-90856d6637c6","at_username_527.8932873910892848",staff,diku_admin@example.org,"ADMINISTRATOR, Diku_admin",diku_admin,diku_admin@example.org,"ADMINISTRATOR, Diku_admin",diku_admin
true,,"6fc44137-4bcf-4dda-bed7-769c5d50ab8a","3705dd81-fa8f-4e4a-a1d0-6c3b8edae137",,,,test@folio.org,,,,testPermFirst,"at_username_895.9370956603839839","at_username_895.9370956603839839, testPermFirst",testMiddleName,,,Email,preferredName,,,staff,"3705dd81-fa8f-4e4a-a1d0-6c3b8edae137",2026-06-04,2026-06-04,"71c9f1ed-b4d6-4cda-a9e4-4b895e2d9c5c","at_username_895.9370956603839839","AT_groupClaimedReturned_449.8642361919196278",diku_admin@example.org,"ADMINISTRATOR, Diku_admin",diku_admin,diku_admin@example.org,"ADMINISTRATOR, Diku_admin",diku_admin
true,,"1d60b4f1-aaee-455f-8e98-f6819e74ab1d","3705dd81-fa8f-4e4a-a1d0-6c3b8edae137",,,,test@folio.org,,,,testPermFirst,"at_username_122.0685209683991909","at_username_122.0685209683991909, testPermFirst",testMiddleName,,,Email,preferredName,,,staff,"3705dd81-fa8f-4e4a-a1d0-6c3b8edae137",2026-06-04,2026-06-04,"724c0ac2-3e3d-4e40-8240-095d8d883670","at_username_122.0685209683991909",staff,diku_admin@example.org,"ADMINISTRATOR, Diku_admin",diku_admin,diku_admin@example.org,"ADMINISTRATOR, Diku_admin",diku_admin
true,,"e62ad259-486f-4f3b-ab30-58f9d68ec15a","3705dd81-fa8f-4e4a-a1d0-6c3b8edae137",,,,test@folio.org,,,,testPermFirst,"at_username_478.58167502586207759","at_username_478.58167502586207759, testPermFirst",testMiddleName,,,Email,preferredName,,,staff,"3705dd81-fa8f-4e4a-a1d0-6c3b8edae137",2026-06-04,2026-06-04,"72ceec44-5a67-4efa-9d7a-20fa2e859ec0","at_username_478.58167502586207759",staff,diku_admin@example.org,"ADMINISTRATOR, Diku_admin",diku_admin,diku_admin@example.org,"ADMINISTRATOR, Diku_admin",diku_admin
true,,"fbbbe362-2b62-4931-87e5-0d328aa98a61","3705dd81-fa8f-4e4a-a1d0-6c3b8edae137",,,,test@folio.org,,,,testPermFirst,"at_username_703.7966717049176791","at_username_703.7966717049176791, testPermFirst",testMiddleName,,,Email,preferredName,,,staff,"3705dd81-fa8f-4e4a-a1d0-6c3b8edae137",2026-06-04,2026-06-04,"759182b7-dc76-415b-afee-273450cdd342","at_username_703.7966717049176791",staff,diku_admin@example.org,"ADMINISTRATOR, Diku_admin",diku_admin,diku_admin@example.org,"ADMINISTRATOR, Diku_admin",diku_admin
true,,"bfd24817-1580-4cd3-9d9f-01f679cbb571","3705dd81-fa8f-4e4a-a1d0-6c3b8edae137",,,,test@folio.org,,,,testPermFirst,"at_username_239.4236452925878144","at_username_239.4236452925878144, testPermFirst",testMiddleName,,,Email,preferredName,,,staff,"3705dd81-fa8f-4e4a-a1d0-6c3b8edae137",2026-06-04,2026-06-04,"77725e74-28a7-40ea-bdaa-086e5d372b87","at_username_239.4236452925878144",staff,diku_admin@example.org,"ADMINISTRATOR, Diku_admin",diku_admin,diku_admin@example.org,"ADMINISTRATOR, Diku_admin",diku_admin
true,,,,,,,"diku-system-user@folio.org",,,,"System User",System,"System, System User",,,,unknown,,,,system,,2026-06-03,2026-06-03,"79ddbca1-24c5-4aad-b1db-f4da188c7047",diku-system-user,,,,,,,
true,,"9dc0e0fa-7eab-4354-9113-45395b2e5f35","3705dd81-fa8f-4e4a-a1d0-6c3b8edae137",,,,test@folio.org,,,,testPermFirst,"at_username_270.72177725042127765","at_username_270.72177725042127765, testPermFirst",testMiddleName,,,Email,preferredName,,,staff,"3705dd81-fa8f-4e4a-a1d0-6c3b8edae137",2026-06-03,2026-06-03,"7a20b3d2-3bbd-4641-b35a-d5884f0952ac","at_username_270.72177725042127765",staff,diku_admin@example.org,"ADMINISTRATOR, Diku_admin",diku_admin,diku_admin@example.org,"ADMINISTRATOR, Diku_admin",diku_admin
true,,"1755e869-cd9d-43c3-b815-847fd909188f","3705dd81-fa8f-4e4a-a1d0-6c3b8edae137",,,,test@folio.org,,,,testPermFirst,"at_username_485.08947715673116154","at_username_485.08947715673116154, testPermFirst",testMiddleName,,,Email,preferredName,,,staff,"3705dd81-fa8f-4e4a-a1d0-6c3b8edae137",2026-06-04,2026-06-04,"7a3437da-fdc1-4c14-a699-490a17caa73b","at_username_485.08947715673116154",staff,diku_admin@example.org,"ADMINISTRATOR, Diku_admin",diku_admin,diku_admin@example.org,"ADMINISTRATOR, Diku_admin",diku_admin
true,,,,,,,,,,,"System user - mod-users",System,"System, System user - mod-users",,,,unknown,,,,system,,2026-06-03,2026-06-03,"7a37517a-85c6-482d-aa98-51575b2852c3",mod-users,,,,,,,
true,,,,,,,,,,,"System user - mod-orders",System,"System, System user - mod-orders",,,,unknown,,,,system,,2026-06-03,2026-06-03,"7b7d0f51-b0fd-4f1a-a3d8-cd55943ab4f9",mod-orders,,,,,,,
true,,"6e274ab7-658a-4f05-8a66-cb23a2286006","3705dd81-fa8f-4e4a-a1d0-6c3b8edae137",,,,test@folio.org,,,,testPermFirst,"at_username_518.0522317942093752","at_username_518.0522317942093752, testPermFirst",testMiddleName,,,Email,preferredName,,,staff,"3705dd81-fa8f-4e4a-a1d0-6c3b8edae137",2026-06-04,2026-06-04,"7d21018b-4532-488a-bd19-62207e54f491","at_username_518.0522317942093752",staff,diku_admin@example.org,"ADMINISTRATOR, Diku_admin",diku_admin,diku_admin@example.org,"ADMINISTRATOR, Diku_admin",diku_admin
true,,,,,,,,,,,"System user - mod-lists",System,"System, System user - mod-lists",,,,unknown,,,,system,,2026-06-03,2026-06-03,"7e0cc2f5-6818-4cb0-8f32-1a933b3a08de",mod-lists,,,,,,,
true,"[{""addressType"": ""Home"", ""addressTypeId"": ""93d3d88d-499b-45d0-9bc7-ac73c3a19880""}]","956084a2-7393-4093-9097-671458625134","3705dd81-fa8f-4e4a-a1d0-6c3b8edae137",,,,test@folio.org,,,,"testNewFirstName_663.2017765373063342","at_username_713.234094368416975","at_username_713.234094368416975, testNewFirstName_663.2017765373063342",testMiddleName,,,Email,preferredName,,,staff,"810c73c1-021d-4d36-b4e0-2a34d678f79c",2026-06-04,2026-06-04,"810c73c1-021d-4d36-b4e0-2a34d678f79c","at_username_713.234094368416975",faculty,diku_admin@example.org,"ADMINISTRATOR, Diku_admin",diku_admin,test@folio.org,"at_username_713.234094368416975, testNewFirstName_663.2017765373063342","at_username_713.234094368416975"
true,,"43b4964e-4dba-475b-b1fb-36f3243055ea","3705dd81-fa8f-4e4a-a1d0-6c3b8edae137",,,,test@folio.org,,,,testPermFirst,"at_username_327.32925271067916467","at_username_327.32925271067916467, testPermFirst",testMiddleName,,,Email,preferredName,,,staff,"3705dd81-fa8f-4e4a-a1d0-6c3b8edae137",2026-06-04,2026-06-04,"818f1cfa-7b9e-4669-8b6c-f460b6bc3dd6","at_username_327.32925271067916467",staff,diku_admin@example.org,"ADMINISTRATOR, Diku_admin",diku_admin,diku_admin@example.org,"ADMINISTRATOR, Diku_admin",diku_admin
true,,"d8221d3f-83db-4fee-b046-70a887d99639","3705dd81-fa8f-4e4a-a1d0-6c3b8edae137",,,,test@folio.org,,,,testPermFirst,"at_username_915.8553139022296598","at_username_915.8553139022296598, testPermFirst",testMiddleName,,,Email,preferredName,,,staff,"3705dd81-fa8f-4e4a-a1d0-6c3b8edae137",2026-06-04,2026-06-04,"82ec91bd-1fce-4946-b26b-34b39bf709f2","at_username_915.8553139022296598",staff,diku_admin@example.org,"ADMINISTRATOR, Diku_admin",diku_admin,diku_admin@example.org,"ADMINISTRATOR, Diku_admin",diku_admin
true,,"fd7c07a6-9799-4e6a-8cbb-f66512a1d55c","3705dd81-fa8f-4e4a-a1d0-6c3b8edae137",,,,test@folio.org,,,,testPermFirst,"at_username_896.6049319542567147","at_username_896.6049319542567147, testPermFirst",testMiddleName,,,Email,preferredName,,,staff,"3705dd81-fa8f-4e4a-a1d0-6c3b8edae137",2026-06-04,2026-06-04,"86a74f33-31dd-4025-ab91-555a43bb1f5b","at_username_896.6049319542567147",staff,diku_admin@example.org,"ADMINISTRATOR, Diku_admin",diku_admin,diku_admin@example.org,"ADMINISTRATOR, Diku_admin",diku_admin
true,,,,,,,,,,,"System user - mod-source-record-manager",System,"System, System user - mod-source-record-manager",,,,unknown,,,,system,,2026-06-03,2026-06-03,"86bd1602-543f-44f2-9579-07bddd8627a1","mod-source-record-manager",,,,,,,
true,,"08a041ae-08cc-43db-b60f-624195558ac9","3705dd81-fa8f-4e4a-a1d0-6c3b8edae137",,,,test@folio.org,,,,testPermFirst,"at_username_953.3408624590179996","at_username_953.3408624590179996, testPermFirst",testMiddleName,,,Email,preferredName,,,staff,"3705dd81-fa8f-4e4a-a1d0-6c3b8edae137",2026-06-04,2026-06-04,"895f82f0-e115-4238-9428-fbd085d99667","at_username_953.3408624590179996",staff,diku_admin@example.org,"ADMINISTRATOR, Diku_admin",diku_admin,diku_admin@example.org,"ADMINISTRATOR, Diku_admin",diku_admin
true,,"07aa281f-f37e-455f-85f2-d56ad3bc9b6f","3705dd81-fa8f-4e4a-a1d0-6c3b8edae137",,,,test@folio.org,,,,testPermFirst,"at_username_474.5195159534274156","at_username_474.5195159534274156, testPermFirst",testMiddleName,,,Email,preferredName,,,staff,"3705dd81-fa8f-4e4a-a1d0-6c3b8edae137",2026-06-04,2026-06-04,"8df6038f-1685-4d23-a214-14d459d0d93a","at_username_474.5195159534274156",staff,diku_admin@example.org,"ADMINISTRATOR, Diku_admin",diku_admin,diku_admin@example.org,"ADMINISTRATOR, Diku_admin",diku_admin
true,,"91db0bdf-d4f2-4ac4-bff1-3ce7d9dcf47b","3705dd81-fa8f-4e4a-a1d0-6c3b8edae137",,,,test@folio.org,,,,testPermFirst,"at_username_196.611754857392244","at_username_196.611754857392244, testPermFirst",testMiddleName,,,Email,preferredName,,,staff,"3705dd81-fa8f-4e4a-a1d0-6c3b8edae137",2026-06-03,2026-06-03,"90369395-c3f6-4490-9498-d00ccc6f43d1","at_username_196.611754857392244",staff,diku_admin@example.org,"ADMINISTRATOR, Diku_admin",diku_admin,diku_admin@example.org,"ADMINISTRATOR, Diku_admin",diku_admin
true,,"b92cd086-2394-48d9-9409-98a42c837dbb","3705dd81-fa8f-4e4a-a1d0-6c3b8edae137",,,,test@folio.org,,,,testPermFirst,"at_username_743.971691989709685","at_username_743.971691989709685, testPermFirst",testMiddleName,,,Email,preferredName,,,staff,"77e24c95-0e82-4278-998f-d1ea5d95ddb1",2026-06-04,2026-06-04,"9206502b-8eed-4ca5-b079-4cd03f12b4ad","at_username_743.971691989709685",staff,diku_admin@example.org,"ADMINISTRATOR, Diku_admin",diku_admin,,,
true,,"e86c37f9-a69f-45fb-9a1c-e4b2dab91b15","3705dd81-fa8f-4e4a-a1d0-6c3b8edae137",,,,test@folio.org,,,,testPermFirst,"at_username_950.3742649059803935","at_username_950.3742649059803935, testPermFirst",testMiddleName,,,Email,preferredName,,,staff,"3705dd81-fa8f-4e4a-a1d0-6c3b8edae137",2026-06-04,2026-06-04,"952d57b9-57f9-4dfb-853d-00de1350005e","at_username_950.3742649059803935",staff,diku_admin@example.org,"ADMINISTRATOR, Diku_admin",diku_admin,diku_admin@example.org,"ADMINISTRATOR, Diku_admin",diku_admin
true,,,,,,,,,,,"System user - mod-source-record-storage",System,"System, System user - mod-source-record-storage",,,,unknown,,,,system,,2026-06-03,2026-06-03,"9732e8ed-47f9-4d45-8f97-41349e50cba4","mod-source-record-storage",,,,,,,
true,,"72f35705-3841-4902-a5a9-4bb599920743","3705dd81-fa8f-4e4a-a1d0-6c3b8edae137",,,,test@folio.org,,,,testPermFirst,"at_username_281.44808055117153807","at_username_281.44808055117153807, testPermFirst",testMiddleName,,,Email,preferredName,,,staff,"3705dd81-fa8f-4e4a-a1d0-6c3b8edae137",2026-06-04,2026-06-04,"a440d750-bb35-4052-b433-5b12458fc2aa","at_username_281.44808055117153807",staff,diku_admin@example.org,"ADMINISTRATOR, Diku_admin",diku_admin,diku_admin@example.org,"ADMINISTRATOR, Diku_admin",diku_admin
true,,,"3705dd81-fa8f-4e4a-a1d0-6c3b8edae137",,,,,,,,,"AT_C740218_NoBarcode_837.5135382884412533","AT_C740218_NoBarcode_837.5135382884412533",,,,Email,,,,patron,"3705dd81-fa8f-4e4a-a1d0-6c3b8edae137",2026-06-04,2026-06-04,"a4dd8b78-c544-4f1c-8044-bf0debed1aa1","AT_C740218_NoBarcode_837.5135382884412533",staff,diku_admin@example.org,"ADMINISTRATOR, Diku_admin",diku_admin,diku_admin@example.org,"ADMINISTRATOR, Diku_admin",diku_admin
true,,"ef0948e5-986b-4ea2-9b93-18751d519af8","3705dd81-fa8f-4e4a-a1d0-6c3b8edae137",,,,test@folio.org,,,,testPermFirst,"at_username_190.93527735774836729","at_username_190.93527735774836729, testPermFirst",testMiddleName,,,Email,preferredName,,,staff,"3705dd81-fa8f-4e4a-a1d0-6c3b8edae137",2026-06-04,2026-06-04,"a535eb0b-74cc-469a-a4e2-7efec8868cc4","at_username_190.93527735774836729",staff,diku_admin@example.org,"ADMINISTRATOR, Diku_admin",diku_admin,diku_admin@example.org,"ADMINISTRATOR, Diku_admin",diku_admin
true,,"f94d6ab3-e305-43a6-ad93-2cb2d813ae65","3705dd81-fa8f-4e4a-a1d0-6c3b8edae137",,,,test@folio.org,,,,testPermFirst,"at_username_569.6206222201325533","at_username_569.6206222201325533, testPermFirst",testMiddleName,,,Email,preferredName,,,staff,"3705dd81-fa8f-4e4a-a1d0-6c3b8edae137",2026-06-04,2026-06-04,"a661a18e-cc38-40df-a9d4-05b4cdd61f54","at_username_569.6206222201325533",staff,diku_admin@example.org,"ADMINISTRATOR, Diku_admin",diku_admin,diku_admin@example.org,"ADMINISTRATOR, Diku_admin",diku_admin
true,,"06ceb042-06bb-459b-a1fe-338590c35c9c","3705dd81-fa8f-4e4a-a1d0-6c3b8edae137",,,,test@folio.org,,,,testPermFirst,"at_username_911.0062625653364110","at_username_911.0062625653364110, testPermFirst",testMiddleName,,,Email,preferredName,,,staff,"3705dd81-fa8f-4e4a-a1d0-6c3b8edae137",2026-06-04,2026-06-04,"a77fdc36-1c6e-4723-bf75-6fc41165096f","at_username_911.0062625653364110",staff,diku_admin@example.org,"ADMINISTRATOR, Diku_admin",diku_admin,diku_admin@example.org,"ADMINISTRATOR, Diku_admin",diku_admin
true,,"b827c8c5-7cf3-439b-b47c-8c0e177ab5d8","3705dd81-fa8f-4e4a-a1d0-6c3b8edae137",,,,test@folio.org,,,,testPermFirst,"at_username_120.67296796987529830","at_username_120.67296796987529830, testPermFirst",testMiddleName,,,Email,preferredName,,,staff,"3705dd81-fa8f-4e4a-a1d0-6c3b8edae137",2026-06-04,2026-06-04,"a979cc36-ba2d-4bb7-816e-2d601edd263a","at_username_120.67296796987529830",staff,diku_admin@example.org,"ADMINISTRATOR, Diku_admin",diku_admin,diku_admin@example.org,"ADMINISTRATOR, Diku_admin",diku_admin
true,,"966d227d-a1af-4ecb-934f-5f153d3d3000","3705dd81-fa8f-4e4a-a1d0-6c3b8edae137",,,,test@folio.org,,,,testPermFirst,"at_username_199.15586552114695828","at_username_199.15586552114695828, testPermFirst",testMiddleName,,,Email,preferredName,,,staff,"3705dd81-fa8f-4e4a-a1d0-6c3b8edae137",2026-06-04,2026-06-04,"aaddcfb9-85a5-449b-92ad-589f6df9124a","at_username_199.15586552114695828",staff,diku_admin@example.org,"ADMINISTRATOR, Diku_admin",diku_admin,diku_admin@example.org,"ADMINISTRATOR, Diku_admin",diku_admin
true,,"331ebc90-fb48-4bc2-aed8-baa197c81755","3705dd81-fa8f-4e4a-a1d0-6c3b8edae137",,,,test@folio.org,,,,testPermFirst,"at_username_106.97274545470607727","at_username_106.97274545470607727, testPermFirst",testMiddleName,,,Email,preferredName,,,staff,"3705dd81-fa8f-4e4a-a1d0-6c3b8edae137",2026-06-04,2026-06-04,"ad27d205-a9b8-4806-b0d1-42447999a7ed","at_username_106.97274545470607727",staff,diku_admin@example.org,"ADMINISTRATOR, Diku_admin",diku_admin,diku_admin@example.org,"ADMINISTRATOR, Diku_admin",diku_admin
true,,"bbc7827e-5ec0-4540-9f25-6f9308574ba8","3705dd81-fa8f-4e4a-a1d0-6c3b8edae137",,,,test@folio.org,,,,testPermFirst,"at_username_674.6731707728469261","at_username_674.6731707728469261, testPermFirst",testMiddleName,,,Email,preferredName,,,staff,"3705dd81-fa8f-4e4a-a1d0-6c3b8edae137",2026-06-04,2026-06-04,"adb69f11-c9cf-401f-94d1-371629ec93ec","at_username_674.6731707728469261",staff,diku_admin@example.org,"ADMINISTRATOR, Diku_admin",diku_admin,diku_admin@example.org,"ADMINISTRATOR, Diku_admin",diku_admin
true,,"6800ede9-beed-4dff-8031-a2d4d3846a01","3705dd81-fa8f-4e4a-a1d0-6c3b8edae137",,,,test@folio.org,,,,testPermFirst,"at_username_719.223269736318320","at_username_719.223269736318320, testPermFirst",testMiddleName,,,Email,preferredName,,,staff,"3705dd81-fa8f-4e4a-a1d0-6c3b8edae137",2026-06-04,2026-06-04,"b1ccb8db-3be5-4fe9-8a2e-7fdf74c77fc1","at_username_719.223269736318320",staff,diku_admin@example.org,"ADMINISTRATOR, Diku_admin",diku_admin,diku_admin@example.org,"ADMINISTRATOR, Diku_admin",diku_admin
true,,"barcode_AT_TestUser_219.79113498550697741","13ccdcd6-7f72-490f-8ad5-cefd104084c6",,,,test@folio.org,,2026-06-14,,,"AT_TestUser_370.29090858287856741","AT_TestUser_370.29090858287856741",,,,Email,,,,patron,"13ccdcd6-7f72-490f-8ad5-cefd104084c6",2026-06-04,2026-06-04,"b4701a11-df25-41f4-9ab9-15772525268a","username_AT_TestUser_400.3783880611853741","AT_PatronGroup_989.837280238226741",,,,,,
true,,789,,,,,sheldon@example.com,,,,bazinga,sheldon,"sheldon, bazinga",,,,Email,,,,,,2026-06-03,2026-06-03,"b4cee18d-f862-4ef1-95a5-879fdd619603",sheldon,staff,,,,,,
true,,"7441dd24-7dd1-41de-aa7c-bafa65d43ec5","3705dd81-fa8f-4e4a-a1d0-6c3b8edae137",,,,test@folio.org,,,,testPermFirst,"at_username_593.7579695681222215","at_username_593.7579695681222215, testPermFirst",testMiddleName,,,Email,preferredName,,,staff,"3705dd81-fa8f-4e4a-a1d0-6c3b8edae137",2026-06-04,2026-06-04,"b636d1b5-0bdb-4eba-8d9d-703e62fe1096","at_username_593.7579695681222215",staff,diku_admin@example.org,"ADMINISTRATOR, Diku_admin",diku_admin,diku_admin@example.org,"ADMINISTRATOR, Diku_admin",diku_admin
true,"[{""addressType"": ""Claim"", ""addressTypeId"": ""b6f4d1c6-0dfa-463c-9534-f49c4f0ae090"", ""primaryAddress"": true}]","9adfd6bb-acb5-41cc-8bc5-43f9426c34ca","3705dd81-fa8f-4e4a-a1d0-6c3b8edae137",,,,test@folio.org,,,,,"testUser-6249d397-0c0d-4de3-8a29-94d037897206","testUser-6249d397-0c0d-4de3-8a29-94d037897206",,,,Email,,,,staff,"3705dd81-fa8f-4e4a-a1d0-6c3b8edae137",2026-06-03,2026-06-03,"b8adecc0-7547-4f78-ba94-a62468870ebb","testUser-5b6d6986-d357-4aee-9652-a30e3a3e630a",faculty,diku_admin@example.org,"ADMINISTRATOR, Diku_admin",diku_admin,diku_admin@example.org,"ADMINISTRATOR, Diku_admin",diku_admin
true,,"b32d73c8-14ec-44d8-ae84-f131686be558","3705dd81-fa8f-4e4a-a1d0-6c3b8edae137",,,,test@folio.org,,,,testPermFirst,"at_username_252.7562978746734667","at_username_252.7562978746734667, testPermFirst",testMiddleName,,,Email,preferredName,,,staff,"3705dd81-fa8f-4e4a-a1d0-6c3b8edae137",2026-06-04,2026-06-04,"bd3d7e70-30f6-40d3-9064-efdec5a7b51a","at_username_252.7562978746734667",staff,diku_admin@example.org,"ADMINISTRATOR, Diku_admin",diku_admin,diku_admin@example.org,"ADMINISTRATOR, Diku_admin",diku_admin
true,,456,,,,,morty@example.com,2020-10-07,,,panic,morty,"morty, panic",,,,Email,,,,staff,"3705dd81-fa8f-4e4a-a1d0-6c3b8edae137",2026-06-03,2026-06-04,"bec20636-fb68-41fd-84ea-2cf910673599",morty,staff,,,,diku_admin@example.org,"ADMINISTRATOR, Diku_admin",diku_admin
true,,,,,,,,,,,"System user - mod-roles-keycloak",System,"System, System user - mod-roles-keycloak",,,,unknown,,,,system,,2026-06-03,2026-06-03,"c007d7a3-069b-4a7b-9dc3-50f15e98be1b",mod-roles-keycloak,,,,,,,
true,,,,,,,,,,,"System user - mod-inn-reach",System,"System, System user - mod-inn-reach",,,,unknown,,,,system,,2026-06-03,2026-06-03,"c1354eca-d86f-4fa8-a721-b9f707121a66",mod-inn-reach,,,,,,,
true,,"bf0a1a94-b3b3-4304-ac43-1c9d9caea8c0","3705dd81-fa8f-4e4a-a1d0-6c3b8edae137",,,,test@folio.org,,,,testPermFirst,"at_username_260.3149867422069485","at_username_260.3149867422069485, testPermFirst",testMiddleName,,,Email,preferredName,,,staff,"3705dd81-fa8f-4e4a-a1d0-6c3b8edae137",2026-06-04,2026-06-04,"c48ddbf0-5d30-4bc6-8c1f-189b0a9b6e1f","at_username_260.3149867422069485",staff,diku_admin@example.org,"ADMINISTRATOR, Diku_admin",diku_admin,diku_admin@example.org,"ADMINISTRATOR, Diku_admin",diku_admin
true,,,,,,,,,,,"System user - mod-search",System,"System, System user - mod-search",,,,unknown,,,,system,,2026-06-03,2026-06-03,"c6c1c457-a960-4666-9956-8c1d76b7075a",mod-search,,,,,,,
true,,"ca8e39ab-d9ea-43d2-9ae5-cae2d922b38d","3705dd81-fa8f-4e4a-a1d0-6c3b8edae137",,,,test@folio.org,,,,testPermFirst,"at_username_546.3670677236586852","at_username_546.3670677236586852, testPermFirst",testMiddleName,,,Email,preferredName,,,staff,"3705dd81-fa8f-4e4a-a1d0-6c3b8edae137",2026-06-04,2026-06-04,"c9ad0a23-9999-4270-9786-1dcf0d24f7ec","at_username_546.3670677236586852",staff,diku_admin@example.org,"ADMINISTRATOR, Diku_admin",diku_admin,diku_admin@example.org,"ADMINISTRATOR, Diku_admin",diku_admin
true,,"f6862fa5-08f4-430c-a43d-eac3264c8602","3705dd81-fa8f-4e4a-a1d0-6c3b8edae137",,,,test@folio.org,,,,testPermFirst,"at_username_868.5636348997925488","at_username_868.5636348997925488, testPermFirst",testMiddleName,,,Email,preferredName,,,staff,"3705dd81-fa8f-4e4a-a1d0-6c3b8edae137",2026-06-04,2026-06-04,"ca537417-154a-44c8-ac34-9e5a75cc7a89","at_username_868.5636348997925488",staff,diku_admin@example.org,"ADMINISTRATOR, Diku_admin",diku_admin,diku_admin@example.org,"ADMINISTRATOR, Diku_admin",diku_admin
true,,"cbd209a3-0413-4891-980a-00fbd8686c96","3705dd81-fa8f-4e4a-a1d0-6c3b8edae137",,,,test@folio.org,,,,testPermFirst,"at_username_375.9066003215709961","at_username_375.9066003215709961, testPermFirst",testMiddleName,,,Email,preferredName,,,staff,"3705dd81-fa8f-4e4a-a1d0-6c3b8edae137",2026-06-04,2026-06-04,"ca5fa074-2334-433a-98bf-dd432184b1af","at_username_375.9066003215709961",staff,diku_admin@example.org,"ADMINISTRATOR, Diku_admin",diku_admin,diku_admin@example.org,"ADMINISTRATOR, Diku_admin",diku_admin
true,,"73b2d9d9-2e45-474f-9096-d41ca8baeb01","3705dd81-fa8f-4e4a-a1d0-6c3b8edae137",,,,test@folio.org,,,,,"at_username_280.2186470885415896","at_username_280.2186470885415896",testMiddleName,,,Email,preferredName,,,staff,"3705dd81-fa8f-4e4a-a1d0-6c3b8edae137",2026-06-04,2026-06-04,"cb63402f-0ce0-4556-9a96-d876712f2b9e","at_username_280.2186470885415896",staff,diku_admin@example.org,"ADMINISTRATOR, Diku_admin",diku_admin,diku_admin@example.org,"ADMINISTRATOR, Diku_admin",diku_admin
true,,"ac377c27-e4a6-442f-92a5-cb2ef4a57e6e","3705dd81-fa8f-4e4a-a1d0-6c3b8edae137",,,,test@folio.org,,,,testPermFirst,"at_username_818.0014367227245353","at_username_818.0014367227245353, testPermFirst",testMiddleName,,,Email,preferredName,,,staff,"3705dd81-fa8f-4e4a-a1d0-6c3b8edae137",2026-06-04,2026-06-04,"cc23c070-981a-4d34-89ed-2ababf4dd634","at_username_818.0014367227245353",staff,diku_admin@example.org,"ADMINISTRATOR, Diku_admin",diku_admin,diku_admin@example.org,"ADMINISTRATOR, Diku_admin",diku_admin
true,,"6d04e57b-5b24-4cf1-a29f-39ef3d1af53b","3705dd81-fa8f-4e4a-a1d0-6c3b8edae137",,,,test@folio.org,,,,testPermFirst,"at_username_785.0025184938659949","at_username_785.0025184938659949, testPermFirst",testMiddleName,,,Email,preferredName,,,staff,"3705dd81-fa8f-4e4a-a1d0-6c3b8edae137",2026-06-04,2026-06-04,"d0792e3a-4210-47cb-909a-22ef7f2f7802","at_username_785.0025184938659949",staff,diku_admin@example.org,"ADMINISTRATOR, Diku_admin",diku_admin,diku_admin@example.org,"ADMINISTRATOR, Diku_admin",diku_admin
true,,,,,,,,,,,"System user - mod-erm-usage-harvester",System,"System, System user - mod-erm-usage-harvester",,,,unknown,,,,system,,2026-06-03,2026-06-03,"d67c1fd6-9c66-4941-b830-159f08912b76",mod-erm-usage-harvester,,,,,,,
true,,"17bd7ed7-3e72-4a9d-b4e2-96ec040cfd0e","3705dd81-fa8f-4e4a-a1d0-6c3b8edae137",,,,test@folio.org,,,,testPermFirst,"at_username_413.0315664473755406","at_username_413.0315664473755406, testPermFirst",testMiddleName,,,Email,preferredName,,,staff,"3705dd81-fa8f-4e4a-a1d0-6c3b8edae137",2026-06-04,2026-06-04,"d79c2861-7887-4d0b-9c8d-439321062129","at_username_413.0315664473755406",staff,diku_admin@example.org,"ADMINISTRATOR, Diku_admin",diku_admin,diku_admin@example.org,"ADMINISTRATOR, Diku_admin",diku_admin
true,,"e45e1778-7ada-4c36-b65a-33de345ccf16","3705dd81-fa8f-4e4a-a1d0-6c3b8edae137",,,,test@folio.org,,,,testPermFirst,"at_username_684.9824419789283355","at_username_684.9824419789283355, testPermFirst",testMiddleName,,,Email,preferredName,,,staff,"3705dd81-fa8f-4e4a-a1d0-6c3b8edae137",2026-06-03,2026-06-03,"ddde1170-b3ac-4936-8ac8-be6ae8982594","at_username_684.9824419789283355","groupClaimedReturnedAT_117.9341925759473882",diku_admin@example.org,"ADMINISTRATOR, Diku_admin",diku_admin,diku_admin@example.org,"ADMINISTRATOR, Diku_admin",diku_admin
true,,"c4b9d962-eb28-4422-995a-94ce5f693049","3705dd81-fa8f-4e4a-a1d0-6c3b8edae137",,,,test@folio.org,,,,testPermFirst,"at_username_502.7859912631031448","at_username_502.7859912631031448, testPermFirst",testMiddleName,,,Email,preferredName,,,staff,"3705dd81-fa8f-4e4a-a1d0-6c3b8edae137",2026-06-04,2026-06-04,"e7b157ab-1d02-492d-a950-0962ef6cd963","at_username_502.7859912631031448",staff,diku_admin@example.org,"ADMINISTRATOR, Diku_admin",diku_admin,diku_admin@example.org,"ADMINISTRATOR, Diku_admin",diku_admin
true,,,,,,,,,,,"System user - mod-bulk-operations",System,"System, System user - mod-bulk-operations",,,,unknown,,,,system,,2026-06-03,2026-06-03,"e98b2051-ce6a-468e-adc8-a4c6ca16a579",mod-bulk-operations,,,,,,,
true,,"0a6ac603-8c0a-4c9a-9cc2-988b34650a6f","3705dd81-fa8f-4e4a-a1d0-6c3b8edae137",,,,test@folio.org,,,,testPermFirst,"at_username_531.864725543195482","at_username_531.864725543195482, testPermFirst",testMiddleName,,,Email,preferredName,,,staff,"3705dd81-fa8f-4e4a-a1d0-6c3b8edae137",2026-06-04,2026-06-04,"ece669df-e65b-4af4-91b6-8aa10e1d7182","at_username_531.864725543195482",staff,diku_admin@example.org,"ADMINISTRATOR, Diku_admin",diku_admin,diku_admin@example.org,"ADMINISTRATOR, Diku_admin",diku_admin
true,,"94bc4d48-23b9-4617-9857-0a348a5393ba","3705dd81-fa8f-4e4a-a1d0-6c3b8edae137",,,,test@folio.org,,,,testPermFirst,"at_username_954.776341515331351","at_username_954.776341515331351, testPermFirst",testMiddleName,,,Email,preferredName,,,staff,"3705dd81-fa8f-4e4a-a1d0-6c3b8edae137",2026-06-04,2026-06-04,"ed76d860-ad96-46a0-880c-6dd49abdcfd3","at_username_954.776341515331351",staff,diku_admin@example.org,"ADMINISTRATOR, Diku_admin",diku_admin,diku_admin@example.org,"ADMINISTRATOR, Diku_admin",diku_admin
true,,"3abf4eb4-40de-4161-a82e-8ea9600c5d9f","3705dd81-fa8f-4e4a-a1d0-6c3b8edae137",,,,test@folio.org,,,,testPermFirst,"at_username_862.3940175968357785","at_username_862.3940175968357785, testPermFirst",testMiddleName,,,Email,preferredName,,,staff,"3705dd81-fa8f-4e4a-a1d0-6c3b8edae137",2026-06-04,2026-06-04,"f115deb6-d3b5-465e-ad47-89462371b53b","at_username_862.3940175968357785",staff,diku_admin@example.org,"ADMINISTRATOR, Diku_admin",diku_admin,diku_admin@example.org,"ADMINISTRATOR, Diku_admin",diku_admin
true,,"4945f68a-162c-49e1-a70c-2fe1d23294f4","3705dd81-fa8f-4e4a-a1d0-6c3b8edae137",,,,test@folio.org,,,,testPermFirst,"at_username_463.8914758651818500","at_username_463.8914758651818500, testPermFirst",testMiddleName,,,Email,preferredName,,,staff,"3705dd81-fa8f-4e4a-a1d0-6c3b8edae137",2026-06-04,2026-06-04,"f426f636-4a77-4606-bd4e-4ca6c8677369","at_username_463.8914758651818500",staff,diku_admin@example.org,"ADMINISTRATOR, Diku_admin",diku_admin,diku_admin@example.org,"ADMINISTRATOR, Diku_admin",diku_admin
true,,,,,,,,,,,"System user - mod-remote-storage",System,"System, System user - mod-remote-storage",,,,unknown,,,,system,,2026-06-03,2026-06-03,"f42bfc88-bd13-4bc5-9d41-5203a475ab53",mod-remote-storage,,,,,,,
true,,"39fffd56-e8dd-4d33-bc6f-d8cab5baded5","3705dd81-fa8f-4e4a-a1d0-6c3b8edae137",,,,test@folio.org,,,,testPermFirst,"at_username_840.8417789343519314","at_username_840.8417789343519314, testPermFirst",testMiddleName,,,Email,preferredName,,,staff,"3705dd81-fa8f-4e4a-a1d0-6c3b8edae137",2026-06-03,2026-06-03,"f51abdad-94eb-4faf-b334-a4721883c52c","at_username_840.8417789343519314",staff,diku_admin@example.org,"ADMINISTRATOR, Diku_admin",diku_admin,diku_admin@example.org,"ADMINISTRATOR, Diku_admin",diku_admin
true,,"64c17084-5df1-4198-b194-48218f2b3bf2","3705dd81-fa8f-4e4a-a1d0-6c3b8edae137",,,,test@folio.org,,,,testPermFirst,"at_username_167.60239967567708896","at_username_167.60239967567708896, testPermFirst",testMiddleName,,,Email,preferredName,,,staff,"3705dd81-fa8f-4e4a-a1d0-6c3b8edae137",2026-06-04,2026-06-04,"f7738016-bbe6-4572-b511-6b55ce2aa802","at_username_167.60239967567708896",staff,diku_admin@example.org,"ADMINISTRATOR, Diku_admin",diku_admin,diku_admin@example.org,"ADMINISTRATOR, Diku_admin",diku_admin
true,,"f3f92d23-1ade-44d6-945c-4baee1416cd8","3705dd81-fa8f-4e4a-a1d0-6c3b8edae137",,,,test@folio.org,,,,testPermFirst,"at_username_954.474472917758879","at_username_954.474472917758879, testPermFirst",testMiddleName,,,Email,preferredName,,,staff,"3705dd81-fa8f-4e4a-a1d0-6c3b8edae137",2026-06-04,2026-06-04,"f87696b2-48a9-49a8-befd-9e6e57c88a30","at_username_954.474472917758879",staff,diku_admin@example.org,"ADMINISTRATOR, Diku_admin",diku_admin,diku_admin@example.org,"ADMINISTRATOR, Diku_admin",diku_admin
true,,"f8e2c669-644b-4a0e-89c2-f8a83c534c5c","3705dd81-fa8f-4e4a-a1d0-6c3b8edae137",,,,test@folio.org,,,,testPermFirst,"at_username_331.10059155265736998","at_username_331.10059155265736998, testPermFirst",testMiddleName,,,Email,preferredName,,,staff,"3705dd81-fa8f-4e4a-a1d0-6c3b8edae137",2026-06-04,2026-06-04,"fb1720c0-19d7-4dbe-ae9a-bc3d04b4b5ff","at_username_331.10059155265736998",staff,diku_admin@example.org,"ADMINISTRATOR, Diku_admin",diku_admin,diku_admin@example.org,"ADMINISTRATOR, Diku_admin",diku_admin
true,,"aaa25b13-e96a-49f2-ad77-2183ac713e72","3705dd81-fa8f-4e4a-a1d0-6c3b8edae137",,,,test@folio.org,,,,testPermFirst,"at_username_897.396163457304424","at_username_897.396163457304424, testPermFirst",testMiddleName,,,Email,preferredName,,,staff,"3705dd81-fa8f-4e4a-a1d0-6c3b8edae137",2026-06-04,2026-06-04,"ff5dc922-58bd-422c-b6a7-b96978177a29","at_username_897.396163457304424",staff,diku_admin@example.org,"ADMINISTRATOR, Diku_admin",diku_admin,diku_admin@example.org,"ADMINISTRATOR, Diku_admin",diku_admin
true,,"aebb350c-95b5-43cd-8f37-c618d9689c7f","3705dd81-fa8f-4e4a-a1d0-6c3b8edae137",,,,test@folio.org,,,,testPermFirst,"at_username_864.0517806669129619","at_username_864.0517806669129619, testPermFirst",testMiddleName,,,Email,preferredName,,,staff,"3705dd81-fa8f-4e4a-a1d0-6c3b8edae137",2026-06-04,2026-06-04,"ff639fb5-4ec0-4ab6-a99d-fe90c222dc21","at_username_864.0517806669129619",staff,diku_admin@example.org,"ADMINISTRATOR, Diku_admin",diku_admin,diku_admin@example.org,"ADMINISTRATOR, Diku_admin",diku_admin
